{
  "silo": {
    "before": 3,
    "s1": {
      "position": {
        "x": 25.376192156225443,
        "z": -29.070305079221725
      },
      "heading": 2.4444200000000307,
      "hitsRemaining": 3
    },
    "s2": {
      "position": {
        "x": 30.340110948309302,
        "z": -34.99760201945901
      },
      "heading": 2.4444200000000307,
      "hitsRemaining": 3
    }
  },
  "coop": {
    "before": 3,
    "c1": {
      "position": {
        "x": 27.05667635658756,
        "z": 21.985158580122516
      },
      "heading": -0.002199999999951135,
      "hitsRemaining": 3
    },
    "c2": {
      "position": {
        "x": 27.945655403658748,
        "z": 22.82080172514543
      },
      "heading": -0.002199999999951135,
      "hitsRemaining": 3
    }
  }
}